{"resources":["sprite/fx_1.m4a","sprite/fx_1.ogg"],"spritemap":{"alberta_roar":{"start":0,"end":2.2276643990929705,"loop":false},"blip":{"start":5,"end":5.601882086167801,"loop":false},"hard_click":{"start":8,"end":9.672902494331066,"loop":false},"mongolia_roar":{"start":12,"end":13.925804988662131,"loop":false},"montana_roar":{"start":16,"end":17.809705215419502,"loop":false},"niger_roar":{"start":20,"end":23.574421768707484,"loop":false},"vo_paleontologist":{"start":26,"end":36.005963718820865,"loop":false},"vo_tools_intro":{"start":39,"end":42.96099773242631,"loop":false},"vo_try_another_dig":{"start":45,"end":49.050045351473926,"loop":false},"wyoming_roar":{"start":52,"end":53.53106575963719,"loop":false}}}